序号,文件名,Title,文件路径,是否有Title
1,10G-1-aptamer,10G-1 aptamer,_posts/10G-1-aptamer.md,是
2,16S-rRNA-decoding-region-aptamer,16S rRNA decoding region aptamer,_posts/16S-rRNA-decoding-region-aptamer.md,是
3,3Dpol-aptamer,3Dpol aptamer,_posts/3Dpol-aptamer.md,是
4,59-aptamer,59 aptamer,_posts/59-aptamer.md,是
5,5HTP-aptamer,5HTP aptamer,_posts/5HTP-aptamer.md,是
6,A30-aptamer,A30 aptamer,_posts/A30-aptamer.md,是
7,AB9-aptamer,AB9 aptamer,_posts/AB9-aptamer.md,是
8,AML1(RUNX1)-aptamer,AML1 (RUNX1) aptamer,_posts/AML1(RUNX1)-aptamer.md,是
9,AMPA-receptors-Aptamer,AMPA receptors aptamer,_posts/AMPA-receptors-Aptamer.md,是
10,AN58-aptamer,AN58 aptamer,_posts/AN58-aptamer.md,是
11,ATP-aptamer,ATP aptamer,_posts/ATP-aptamer.md,是
12,Activated-T-Cells-Nuclear-Factor-aptamer,Activated T Cells' Nuclear Factor aptamer,_posts/Activated-T-Cells-Nuclear-Factor-aptamer.md,是
13,Adenine-aptamer,Adenine aptamer,_posts/Adenine-aptamer.md,是
14,Angiopoietin-2-aptamer,Angiopoietin-2 aptamer,_posts/Angiopoietin-2-aptamer.md,是
15,Arginine-aptamer,Arginine aptamer,_posts/Arginine-aptamer.md,是
16,Aβ42-aptamer,Aβ42 aptamer,_posts/Aβ42-aptamer.md,是
17,B1-CT-aptamer,B1-CT aptamer,_posts/B1-CT-aptamer.md,是
18,B4-25-aptamer,"B4-25 aptamer, CB-42 aptamer",_posts/B4-25-aptamer.md,是
19,B52-aptamer,B52 aptamer,_posts/B52-aptamer.md,是
20,Basic-fibroblast-growth-factor-aptamer,Basic fibroblast growth factor aptamer,_posts/Basic-fibroblast-growth-factor-aptamer.md,是
21,Beetroot-aptamer,Beetroot aptamer,_posts/Beetroot-aptamer.md,是
22,Beetroot-aptamer(DFAME),Beetroot aptamer(DFAME),_posts/Beetroot-aptamer(DFAME).md,是
23,Beetroot-aptamer(ThT),Beetroot aptamer(ThT),_posts/Beetroot-aptamer(ThT).md,是
24,Biotin-aptamer,Biotin aptamer,_posts/Biotin-aptamer.md,是
25,Bovine-factor-IX-aptamer,Bovine factor IX aptamer,_posts/Bovine-factor-IX-aptamer.md,是
26,Bovine-prion-protein-aptamer,Bovine prion protein aptamer,_posts/Bovine-prion-protein-aptamer.md,是
27,Bovine-thrombin-aptamer,Bovine thrombin aptamer,_posts/Bovine-thrombin-aptamer.md,是
28,Broccoli-aptamer,Broccoli aptamer,_posts/Broccoli-aptamer.md,是
29,C.albicans-aptamer,C.albicans aptamer,_posts/C.albicans-aptamer.md,是
30,C52-aptamer,C52 aptamer,_posts/C52-aptamer.md,是
31,CD133-aptamer,CD133 aptamer,_posts/CD133-aptamer.md,是
32,CE-SELEX,Capillary electrophoresis-SELEX(CE-SELEX),_posts/CE-SELEX.md,是
33,CED-9-aptamer,CED-9 aptamer,_posts/CED-9-aptamer.md,是
34,Cancer-antigen-72–4(CA72-4)-aptamer,Cancer antigen 72–4(CA72-4) aptamer,_posts/Cancer-antigen-72–4(CA72-4)-aptamer.md,是
35,Cell-SELEX,Cell-SELEX,_posts/Cell-SELEX.md,是
36,Chemokine-CCL17-aptamer,Chemokine CCL17 aptamer,_posts/Chemokine-CCL17-aptamer.md,是
37,Chili-aptamer,Chili aptamer,_posts/Chili-aptamer.md,是
38,Chloramphenicol-aptamer,Chloramphenicol aptamer,_posts/Chloramphenicol-aptamer.md,是
39,Citrulline-aptamer,Citrulline aptamer,_posts/Citrulline-aptamer.md,是
40,Clivias-aptamer,Clivias aptamer,_posts/Clivias-aptamer.md,是
41,Clone-31-aptamer,Clone 31 aptamer,_posts/Clone-31-aptamer.md,是
42,Clone-5-aptamer,Clone 5 aptamer,_posts/Clone-5-aptamer.md,是
43,Codeine-aptamer,Codeine aptamer,_posts/Codeine-aptamer.md,是
44,Colicin-E3-aptamer,Colicin E3 aptamer,_posts/Colicin-E3-aptamer.md,是
45,Complement-component-5-aptamer,Complement component 5 aptamer,_posts/Complement-component-5-aptamer.md,是
46,Conventional-SELEX,Conventional SELEX,_posts/Conventional-SELEX.md,是
47,Corn-aptamer,Corn aptamer,_posts/Corn-aptamer.md,是
48,CsrA-aptamer,CsrA aptamer,_posts/CsrA-aptamer.md,是
49,CypB-aptamer,CypB aptamer,_posts/CypB-aptamer.md,是
50,Cytohesin-2-aptamer,Cytohesin-2 aptamer,_posts/Cytohesin-2-aptamer.md,是
51,D-Arginine-aptamer,D-Arginine,_posts/D-Arginine-aptamer.md,是
52,D8-aptamer,D8 aptamer,_posts/D8-aptamer.md,是
53,DIR2s-apt-aptamer,DIR2s-apt aptamer,_posts/DIR2s-apt-aptamer.md,是
54,DP3-aptamer,DP3 aptamer,_posts/DP3-aptamer.md,是
55,Dopamine-aptamer,Dopamine aptamer,_posts/Dopamine-aptamer.md,是
56,Doxycyline-aptamer,Doxycyline aptamer,_posts/Doxycyline-aptamer.md,是
57,E2-aptamer,E2 aptamer,_posts/E2-aptamer.md,是
58,E2F1-aptamer,E2F1 aptamer,_posts/E2F1-aptamer.md,是
59,E3-aptamer,E3 aptamer,_posts/E3-aptamer.md,是
60,ERα-aptamer,ERα aptamer,_posts/ERα-aptamer.md,是
61,Elongation-factor-SelB-aptamer,Elongation factor SelB aptamer,_posts/Elongation-factor-SelB-aptamer.md,是
62,Escherichia-coli-aptamer,Escherichia coli aptamer,_posts/Escherichia-coli-aptamer.md,是
63,FAD-aptamer,FAD aptamer,_posts/FAD-aptamer.md,是
64,FB-1-aptamer,FB-1 aptamer,_posts/FB-1-aptamer.md,是
65,FC-RNA-aptamer,FC RNA aptamer,_posts/FC-RNA-aptamer.md,是
66,FMN-aptamer,FMN aptamer,_posts/FMN-aptamer.md,是
67,Factor-Xa-aptamer,Factor Xa aptamer,_posts/Factor-Xa-aptamer.md,是
68,G6-16-aptamer,G6-16 aptamer,_posts/G6-16-aptamer.md,是
69,G9-II-aptamer,G9-II aptamer,_posts/G9-II-aptamer.md,是
70,GL56-aptamer,GL56 aptamer,_posts/GL56-aptamer.md,是
71,GRK2-aptamer,GRK2 aptamer,_posts/GRK2-aptamer.md,是
72,GTP-aptamer,GTP aptamer,_posts/GTP-aptamer.md,是
73,Gastrointestinal-cancer-antigen-50-aptamer,Gastrointestinal cancer antigen 50 aptamer,_posts/Gastrointestinal-cancer-antigen-50-aptamer.md,是
74,Gastrointestinal-carcinoembryonic-antigen-(CEA)-aptamer,Gastrointestinal carcinoembryonic antigen (CEA) aptamer,_posts/Gastrointestinal-carcinoembryonic-antigen-(CEA)-aptamer.md,是
75,GlnRs-aptamer,GlnRs aptamer,_posts/GlnRs-aptamer.md,是
76,Glycoprotein-2-(GP2)-protein-aptamer,Glycoprotein 2 (GP2) protein aptamer,_posts/Glycoprotein-2-(GP2)-protein-aptamer.md,是
77,Gp43-aptamer,T4 gp43 aptamer,_posts/Gp43-aptamer.md,是
78,H3N2-aptamer,H3N2 aptamer,_posts/H3N2-aptamer.md,是
79,HBV-P-protein-aptamer,HBV P protein aptamer,_posts/HBV-P-protein-aptamer.md,是
80,HCV-NS5B-protein-aptamer,HCV NS5B protein aptamer,_posts/HCV-NS5B-protein-aptamer.md,是
81,HCV-NS5BΔC55-aptamer,HCV NS5BΔC55 aptamer,_posts/HCV-NS5BΔC55-aptamer.md,是
82,HER2-aptamer,HER2 aptamer,_posts/HER2-aptamer.md,是
83,HIRRV-aptamer,HIRRV aptamer,_posts/HIRRV-aptamer.md,是
84,HIV-1-CA-aptamer,HIV-1 CA aptamer,_posts/HIV-1-CA-aptamer.md,是
85,HIV-1-PR-aptamer,HIV-1 PR aptamer,_posts/HIV-1-PR-aptamer.md,是
86,HIV-1-REV-peptide-aptamer,HIV-1 REV peptide aptamer,_posts/HIV-1-REV-peptide-aptamer.md,是
87,HIV-1-RT-aptamer,HIV-1 RT aptamer,_posts/HIV-1-RT-aptamer.md,是
88,HIV-1-Rev-aptamer,HIV-1 Rev aptamer,_posts/HIV-1-Rev-aptamer.md,是
89,HIV-1-TAR-RNA-aptamer,HIV-1 TAR RNA aptamer,_posts/HIV-1-TAR-RNA-aptamer.md,是
90,HIV-1-integrase-aptamer,HIV-1 integrase aptamer,_posts/HIV-1-integrase-aptamer.md,是
91,HIV-Tat-aptamer,HIV Tat aptamer,_posts/HIV-Tat-aptamer.md,是
92,HPAI-H5N1-aptamer,HPAI H5N1 aptamer,_posts/HPAI-H5N1-aptamer.md,是
93,HPV-16-E7-oncoprotein-aptamer,HPV-16 E7 oncoprotein aptamer,_posts/HPV-16-E7-oncoprotein-aptamer.md,是
94,HSV-1-US11-aptamer,HSV-1 US11 aptamer,_posts/HSV-1-US11-aptamer.md,是
95,Hemagglutinin-(HA)-protein-aptamer,Hemagglutinin (HA) protein aptamer,_posts/Hemagglutinin-(HA)-protein-aptamer.md,是
96,Hemagglutinin-aptamer,Hemagglutinin aptamer,_posts/Hemagglutinin-aptamer.md,是
97,Hfq-aptamer,Hfq aptamer,_posts/Hfq-aptamer.md,是
98,Human-activated-protein-C-aptamer,Human activated protein C aptamer,_posts/Human-activated-protein-C-aptamer.md,是
99,II-mini3-4-aptamer,II-mini3-4 aptamer,_posts/II-mini3-4-aptamer.md,是
100,IL-17A-aptamer,IL-17A aptamer,_posts/IL-17A-aptamer.md,是
101,IL2-CD25-aptermer,IL2-CD25 aptermer,_posts/IL2-CD25-aptermer.md,是
102,IgG-aptamer,IgG aptamer,_posts/IgG-aptamer.md,是
103,In-vivo-SELEX,In vivo SELEX,_posts/In-vivo-SELEX.md,是
104,Integrin-beta-chain-2-(CD18)-aptamer,Integrin beta chain-2 (CD18) aptamer,_posts/Integrin-beta-chain-2-(CD18)-aptamer.md,是
105,Interleukin-6-receptor-domain-3-(IL-6R-D3)-aptamer,Interleukin-6 receptor domain 3 (IL-6R D3) aptamer,_posts/Interleukin-6-receptor-domain-3-(IL-6R-D3)-aptamer.md,是
106,J18-aptamer,J18 aptamer,_posts/J18-aptamer.md,是
107,J6f1-aptamer,J6f1 aptamer,_posts/J6f1-aptamer.md,是
108,L-CCL2-aptamer,L-CCL2 aptamer,_posts/L-CCL2-aptamer.md,是
109,L-SUP-A-004-aptamer,L-SUP-A-004 aptamer,_posts/L-SUP-A-004-aptamer.md,是
110,L-selectin-aptamer,L-selectin aptamer,_posts/L-selectin-aptamer.md,是
111,LR06-aptamer,LR06(GA) aptamer,_posts/LR06-aptamer.md,是
112,Lividomycin-aptamer,Lividomycin aptamer,_posts/Lividomycin-aptamer.md,是
113,Lysozyme-aptamer,Lysozyme aptamer,_posts/Lysozyme-aptamer.md,是
114,MB-SELEX,Magnetic-based SELEX(MB-SELEX),_posts/MB-SELEX.md,是
115,MG-aptamer,MG aptamer,_posts/MG-aptamer.md,是
116,Mango-III-aptamer(YO3),Mango-III aptamer & Mango-IV aptamer,_posts/Mango-III-aptamer(YO3).md,是
117,Mango-aptamer(TO1-biotin),Mango aptamer & Mango-II aptamer,_posts/Mango-aptamer(TO1-biotin).md,是
118,Mbl-aptamer,Mbl aptamer,_posts/Mbl-aptamer.md,是
119,Mitochondrion-aptamer,Mitochondrion aptamer,_posts/Mitochondrion-aptamer.md,是
120,Mixed-lineage-leukemia-proteins-(MLL)-aptermer,Mixed lineage leukemia proteins (MLL) aptermer,_posts/Mixed-lineage-leukemia-proteins-(MLL)-aptermer.md,是
121,NF-kappaB-aptamer,NF-kappaB P50 aptamer,_posts/NF-kappaB-aptamer.md,是
122,NFAT-aptamer,NFAT aptamer,_posts/NFAT-aptamer.md,是
123,NeomycinB-aptamer,NeomycinB aptamer,_posts/NeomycinB-aptamer.md,是
124,Neurotensin-receptor-NTS-1-aptamer,Neurotensin receptor NTS-1 aptamer,_posts/Neurotensin-receptor-NTS-1-aptamer.md,是
125,OX40-aptamer,OX40 aptamer,_posts/OX40-aptamer.md,是
126,Okra-aptamer,Okra aptamer,_posts/Okra-aptamer.md,是
127,One-round-SELEX,One round-SELEX,_posts/One-round-SELEX.md,是
128,PAI-1-aptamer,PAI-1 aptamer,_posts/PAI-1-aptamer.md,是
129,PKC-aptamer,PKC aptamer,_posts/PKC-aptamer.md,是
130,PSMA-aptamer,PSMA aptamer,_posts/PSMA-aptamer.md,是
131,PTP1B-aptamer,PTP1B aptamer,_posts/PTP1B-aptamer.md,是
132,Pepocin-aptamer,Pepocin aptamer,_posts/Pepocin-aptamer.md,是
133,Pepper-aptamer,Pepper aptamer,_posts/Pepper-aptamer.md,是
134,Peptide-release-factor-1-aptamer,Peptide release factor 1 aptamer,_posts/Peptide-release-factor-1-aptamer.md,是
135,Prion-protein1-aptamer,Prion protein 1 aptamer,_posts/Prion-protein1-aptamer.md,是
136,Prion-protein2-aptamer,Prion protein 2 aptamer,_posts/Prion-protein2-aptamer.md,是
137,Protein-tyrosine-phosphatases-aptamer,Protein tyrosine phosphatases aptamer,_posts/Protein-tyrosine-phosphatases-aptamer.md,是
138,R5-helix-peptide-aptamer,R5 helix peptide aptamer,_posts/R5-helix-peptide-aptamer.md,是
139,RANK-aptamer,RANK aptamer,_posts/RANK-aptamer.md,是
140,RF-1-aptamer,RF-1 aptamer,_posts/RF-1-aptamer.md,是
141,RNA-loop-aptamer,RNA loop aptamer,_posts/RNA-loop-aptamer.md,是
142,Raf-1-aptamer,Raf-1 aptamer,_posts/Raf-1-aptamer.md,是
143,Restriction-endonucleases-(REases)-KpnI-aptamer,Restriction endonucleases (REases) KpnI aptamer,_posts/Restriction-endonucleases-(REases)-KpnI-aptamer.md,是
144,Rex-protein-aptamer,Rex protein aptamer,_posts/Rex-protein-aptamer.md,是
145,RhoBAST-aptamer,RhoBAST aptamer,_posts/RhoBAST-aptamer.md,是
146,Ribosomal-protein-S8-aptamer,Ribosomal protein S8 aptamer,_posts/Ribosomal-protein-S8-aptamer.md,是
147,Ribostamycin-aptamer,"Ribostamycin aptamer, Paromomycin aptamer",_posts/Ribostamycin-aptamer.md,是
148,SARS-CoV-N-protein-aptamer,SARS-CoV N protein aptamer,_posts/SARS-CoV-N-protein-aptamer.md,是
149,SPC-aptamer,SPC aptamer,_posts/SPC-aptamer.md,是
150,SRB-2-aptamer,SRB-2 aptamer,_posts/SRB-2-aptamer.md,是
151,Spinach-RNA-aptamer,"Spinach RNA aptamer, Aptamer 24-2-min(Spinach)",_posts/Spinach-RNA-aptamer.md,是
152,Spinach-aptamer,Spinach aptamer,_posts/Spinach-aptamer.md,是
153,Squash-aptamer,Squash aptamer,_posts/Squash-aptamer.md,是
154,Streptomycin-aptamer,Streptomycin aptamer,_posts/Streptomycin-aptamer.md,是
155,Subtilisin-aptamer,Subtilisin aptamer,_posts/Subtilisin-aptamer.md,是
156,TCF-1-aptamer,TCF-1 aptamer,_posts/TCF-1-aptamer.md,是
157,TMR-aptamer,TMR aptamer,_posts/TMR-aptamer.md,是
158,TNBC-aptamer,TNBC aptamer,_posts/TNBC-aptamer.md,是
159,TbRIII-aptamer,TbRIII aptamer,_posts/TbRIII-aptamer.md,是
160,TetR-aptamer,TetR aptamer,_posts/TetR-aptamer.md,是
161,Tetracycline-aptamer,Tetracycline aptamer,_posts/Tetracycline-aptamer.md,是
162,TfR-ECD-aptamer,TfR-ECD aptamer,_posts/TfR-ECD-aptamer.md,是
163,The-protein-calsenilin-aptamer,The protein calsenilin aptamer,_posts/The-protein-calsenilin-aptamer.md,是
164,Theophylline-aptamer,Theophylline aptamer,_posts/Theophylline-aptamer.md,是
165,Thrombin-aptamer,Thrombin aptamer,_posts/Thrombin-aptamer.md,是
166,Tobramycin-aptamer,Tobramycin aptamer,_posts/Tobramycin-aptamer.md,是
167,Trypanosome-VSG-aptamer,Trypanosome VSG aptamer,_posts/Trypanosome-VSG-aptamer.md,是
168,Type-IVB-Pili-aptamer,Type IVB Pili aptamer,_posts/Type-IVB-Pili-aptamer.md,是
169,Tyr-1-aptamer,Tyr 1 aptamer,_posts/Tyr-1-aptamer.md,是
170,Ubiquitin-carboxyl-terminal-hydrolase37-(UCH37)-aptamer,Ubiquitin carboxyl-terminal hydrolase37 (UCH37) aptamer,_posts/Ubiquitin-carboxyl-terminal-hydrolase37-(UCH37)-aptamer.md,是
171,Upstream-of-N-Ras-aptamer,Upstream of N-Ras aptamer,_posts/Upstream-of-N-Ras-aptamer.md,是
172,VEGF-aptamer,VEGF aptamer,_posts/VEGF-aptamer.md,是
173,Vascular-endothelial-growth-factor-aptamer,Vascular endothelial growth factor aptamer,_posts/Vascular-endothelial-growth-factor-aptamer.md,是
174,Vitamin-B12-aptamer,Vitamin B12 aptamer,_posts/Vitamin-B12-aptamer.md,是
175,WL-2-aptamer,WL-2 aptamer,_posts/WL-2-aptamer.md,是
176,Wilms-tumor-protein-aptamer,Wilms tumor protein aptamer,_posts/Wilms-tumor-protein-aptamer.md,是
177,XBA-RNA-aptamer,XBA RNA aptamer,_posts/XBA-RNA-aptamer.md,是
178,YT1-aptamer,YT1 aptamer,_posts/YT1-aptamer.md,是
179,Yeast-phenylalanine-tRNA-aptamer,Yeast phenylalanine tRNA aptamer,_posts/Yeast-phenylalanine-tRNA-aptamer.md,是
180,ZAP-aptamer,ZAP aptamer,_posts/ZAP-aptamer.md,是
181,bFGF-aptamer,bFGF aptamer,_posts/bFGF-aptamer.md,是
182,bG40min-aptamer,bG40min aptamer,_posts/bG40min-aptamer.md,是
183,bacteriophage-MS2-coat-protein-aptamer,Bacteriophage MS2 coat protein aptamer,_posts/bacteriophage-MS2-coat-protein-aptamer.md,是
184,cAMP-aptamer,cAMP aptamer,_posts/cAMP-aptamer.md,是
185,eIF4A-aptamer,eIF4A aptamer,_posts/eIF4A-aptamer.md,是
186,eIF4E-aptamer,eIF4E aptamer,_posts/eIF4E-aptamer.md,是
187,hTNF-α-aptamer,hTNF α aptamer,_posts/hTNF-α-aptamer.md,是
188,pUC19-aptamer,pUC19 aptamer,_posts/pUC19-aptamer.md,是
189,polβ-aptamer,polβ aptamer,_posts/polβ-aptamer.md,是
190,rafl7s-aptamer,rafl7s aptamer,_posts/rafl7s-aptamer.md,是
191,s23-aptamer,s23 aptamer,_posts/s23-aptamer.md,是
192,tMG-RNA-aptamer,tMG RNA aptamer,_posts/tMG-RNA-aptamer.md,是
193,β55-aptamer,β55 aptamer,_posts/β55-aptamer.md,是
